customer_id,segment,join_date,credit_limit,credit_score
C00000,near_prime,2022-02-21,68598,676
C00001,near_prime,2025-01-21,25697,704
C00002,near_prime,2022-03-07,21952,701
C00003,near_prime,2025-02-23,33031,694
C00004,near_prime,2025-01-21,47493,688
C00005,near_prime,2022-01-14,69729,725
C00006,near_prime,2024-05-15,42298,675
C00007,near_prime,2022-07-29,26078,704
C00008,prime,2024-01-06,140165,706
C00009,near_prime,2025-01-03,28180,641
C00010,subprime,2024-02-15,7582,528
C00011,near_prime,2024-01-11,57837,658
C00012,prime,2022-05-23,62012,722
C00013,subprime,2023-04-22,8309,541
C00014,prime,2024-07-17,145638,764
C00015,near_prime,2022-05-27,59920,707
C00016,near_prime,2024-12-29,67784,681
C00017,prime,2025-02-14,107570,783
C00018,near_prime,2022-04-25,35010,707
C00019,prime,2022-05-16,105307,701
C00020,subprime,2025-03-07,28524,576
C00021,prime,2024-07-28,87452,790
C00022,prime,2023-05-21,197159,701
C00023,near_prime,2024-03-28,43723,665
C00024,prime,2022-10-11,183569,699
C00025,subprime,2022-11-10,25560,602
C00026,prime,2024-05-14,66653,719
C00027,near_prime,2023-05-30,56256,711
C00028,subprime,2022-01-24,27291,588
C00029,near_prime,2023-07-01,70370,627
C00030,near_prime,2022-08-17,39234,644
C00031,subprime,2023-06-24,21403,617
C00032,near_prime,2024-11-05,79809,718
C00033,subprime,2024-11-05,24954,634
C00034,prime,2024-02-05,92349,699
C00035,near_prime,2022-01-02,59252,665
C00036,prime,2022-02-09,79325,805
C00037,subprime,2023-09-22,12846,564
C00038,prime,2025-03-07,70645,779
C00039,prime,2024-12-26,82967,767
C00040,prime,2024-08-31,194127,768
C00041,near_prime,2023-03-10,55343,716
C00042,near_prime,2023-02-16,66723,636
C00043,near_prime,2024-06-16,78957,785
C00044,near_prime,2022-09-05,36246,685
C00045,near_prime,2023-04-17,58564,711
C00046,prime,2022-05-26,65433,758
C00047,subprime,2022-05-26,21847,686
C00048,prime,2024-09-21,106160,703
C00049,subprime,2024-08-26,12962,584
C00050,near_prime,2024-04-13,32478,722
C00051,prime,2024-04-21,172427,774
C00052,subprime,2022-04-21,27064,567
C00053,prime,2023-11-26,78644,714
C00054,prime,2023-01-25,190584,720
C00055,prime,2023-05-27,69761,759
C00056,near_prime,2025-02-01,26416,806
C00057,subprime,2022-07-11,29692,647
C00058,subprime,2022-12-07,18317,572
C00059,prime,2022-05-01,93158,751
C00060,prime,2024-03-10,119521,797
C00061,prime,2025-02-12,177577,726
C00062,prime,2023-08-31,107068,788
C00063,near_prime,2023-10-05,23746,671
C00064,prime,2024-09-03,181819,782
C00065,prime,2024-11-06,71000,732
C00066,subprime,2022-05-21,24498,672
C00067,prime,2025-03-12,114543,774
C00068,near_prime,2022-03-23,60591,724
C00069,near_prime,2023-10-10,37089,705
C00070,prime,2023-10-06,112570,748
C00071,near_prime,2024-07-25,40720,698
C00072,subprime,2022-05-29,5305,460
C00073,subprime,2022-05-31,22617,637
C00074,prime,2023-06-28,84722,806
C00075,subprime,2024-01-27,14338,566
C00076,prime,2025-01-17,129303,682
C00077,near_prime,2022-01-17,63769,613
C00078,subprime,2023-09-06,26737,665
C00079,prime,2022-08-08,195024,787
C00080,prime,2023-08-01,105215,745
C00081,near_prime,2023-06-25,53122,656
C00082,near_prime,2022-04-15,26048,636
C00083,prime,2023-11-15,84293,707
C00084,near_prime,2023-06-21,30589,677
C00085,near_prime,2022-01-20,27331,635
C00086,prime,2022-11-02,193023,778
C00087,near_prime,2024-05-30,28352,687
C00088,prime,2024-01-17,60458,766
C00089,prime,2022-07-30,142714,737
C00090,near_prime,2024-04-12,60675,679
C00091,prime,2022-11-29,96413,681
C00092,subprime,2022-02-20,10877,596
C00093,subprime,2023-05-24,13742,564
C00094,prime,2022-08-10,150281,791
C00095,prime,2024-07-31,141660,707
C00096,prime,2023-04-12,108438,769
C00097,prime,2022-05-23,123170,752
C00098,prime,2024-11-09,154773,725
C00099,prime,2022-02-26,80236,697
C00100,subprime,2023-06-19,10851,499
C00101,prime,2024-06-08,140619,708
C00102,near_prime,2023-10-05,48599,647
C00103,prime,2023-01-25,116773,727
C00104,prime,2024-06-12,50443,696
C00105,near_prime,2023-02-08,43869,672
C00106,near_prime,2023-11-08,60839,653
C00107,near_prime,2023-09-08,53234,742
C00108,prime,2024-04-16,135506,729
C00109,prime,2024-05-11,149390,764
C00110,near_prime,2022-12-23,60338,647
C00111,subprime,2023-09-15,14401,582
C00112,prime,2023-10-22,171893,707
C00113,near_prime,2022-12-14,63178,698
C00114,prime,2024-11-21,137867,811
C00115,prime,2023-09-28,108888,790
C00116,near_prime,2022-10-29,21600,776
C00117,near_prime,2022-05-30,49846,708
C00118,near_prime,2023-02-03,67077,666
C00119,prime,2022-01-12,77941,716
C00120,near_prime,2023-03-25,31526,698
C00121,near_prime,2025-02-15,36331,629
C00122,subprime,2022-09-06,19957,629
C00123,near_prime,2025-02-18,59023,709
C00124,prime,2024-06-25,182324,691
C00125,near_prime,2022-11-22,68736,713
C00126,subprime,2024-07-10,13493,600
C00127,prime,2024-12-03,177034,692
C00128,near_prime,2023-07-17,48827,705
C00129,prime,2023-10-17,191597,761
C00130,prime,2022-11-05,110623,737
C00131,prime,2024-04-29,156849,761
C00132,prime,2024-08-12,158992,802
C00133,prime,2022-02-10,149714,771
C00134,near_prime,2023-12-22,39569,681
C00135,subprime,2024-05-08,22636,521
C00136,near_prime,2025-01-23,72420,660
C00137,prime,2024-06-11,177308,737
C00138,prime,2023-11-20,155989,740
C00139,subprime,2024-12-29,5883,524
C00140,subprime,2025-03-01,26725,656
C00141,prime,2024-08-03,97639,757
C00142,prime,2024-02-16,135813,756
C00143,near_prime,2024-02-16,38235,710
C00144,near_prime,2024-05-13,36532,700
C00145,near_prime,2022-04-17,42935,646
C00146,prime,2022-05-21,60553,751
C00147,prime,2022-02-11,89946,676
C00148,prime,2024-08-27,79986,730
C00149,near_prime,2024-01-26,30996,670
C00150,near_prime,2022-08-23,70973,718
C00151,prime,2022-02-22,131777,679
C00152,near_prime,2024-02-08,45995,701
C00153,near_prime,2023-05-13,26678,671
C00154,near_prime,2023-09-10,75724,654
C00155,near_prime,2025-03-05,71290,621
C00156,prime,2024-12-27,162296,744
C00157,near_prime,2022-01-26,75677,668
C00158,near_prime,2024-09-30,26916,649
C00159,subprime,2024-07-30,28177,615
C00160,prime,2022-12-27,186772,773
C00161,near_prime,2025-01-07,70766,674
C00162,near_prime,2024-06-11,74115,676
C00163,subprime,2022-06-27,14139,568
C00164,subprime,2023-05-15,29591,546
C00165,prime,2022-02-28,179579,759
C00166,subprime,2023-01-08,20976,616
C00167,prime,2023-07-20,195697,802
C00168,prime,2023-01-27,72442,751
C00169,near_prime,2023-05-08,65259,715
C00170,near_prime,2024-10-02,49371,684
C00171,prime,2023-05-14,130270,737
C00172,near_prime,2024-01-26,51015,649
C00173,subprime,2025-02-01,15839,587
C00174,prime,2024-07-18,121019,742
C00175,near_prime,2023-10-09,27835,703
C00176,near_prime,2023-01-15,32552,688
C00177,near_prime,2024-12-10,59111,719
C00178,prime,2022-07-25,100886,741
C00179,prime,2024-12-29,83182,777
C00180,prime,2022-04-22,195059,731
C00181,near_prime,2024-10-02,26723,761
C00182,subprime,2023-08-06,20381,563
C00183,subprime,2023-06-02,20654,604
C00184,prime,2022-05-14,155043,710
C00185,near_prime,2022-11-07,29777,682
C00186,subprime,2023-09-15,7791,620
C00187,near_prime,2023-04-08,70835,679
C00188,near_prime,2024-07-11,79539,615
C00189,subprime,2023-09-18,23632,627
C00190,near_prime,2022-07-23,69986,686
C00191,near_prime,2022-11-18,35719,703
C00192,prime,2022-06-03,91034,782
C00193,near_prime,2023-08-20,22139,680
C00194,prime,2023-08-03,169021,769
C00195,prime,2023-02-10,161447,759
C00196,prime,2023-04-06,89056,797
C00197,prime,2022-12-06,130638,719
C00198,near_prime,2025-03-11,38914,643
C00199,prime,2024-04-04,121367,762
C00200,near_prime,2024-10-08,48688,688
C00201,near_prime,2023-10-23,59564,684
C00202,prime,2022-07-07,110011,805
C00203,near_prime,2022-02-12,70119,664
C00204,near_prime,2023-07-06,57764,736
C00205,near_prime,2024-06-24,38229,694
C00206,prime,2024-06-11,178902,783
C00207,prime,2023-10-20,77420,743
C00208,subprime,2023-11-07,18488,588
C00209,subprime,2025-01-31,6202,569
C00210,near_prime,2023-10-07,36541,638
C00211,prime,2024-11-19,50301,821
C00212,near_prime,2025-01-16,50276,660
C00213,prime,2024-10-17,165878,760
C00214,near_prime,2023-02-21,37501,603
C00215,near_prime,2024-09-19,27957,655
C00216,prime,2023-05-06,91517,748
C00217,prime,2023-04-06,79743,754
C00218,near_prime,2022-08-29,62448,700
C00219,near_prime,2024-11-08,66229,644
C00220,prime,2024-09-15,173789,751
C00221,prime,2024-11-06,85784,787
C00222,subprime,2023-07-20,18596,562
C00223,prime,2022-01-06,124144,794
C00224,near_prime,2024-09-29,76705,705
C00225,prime,2025-02-04,192456,779
C00226,prime,2023-10-22,99454,772
C00227,prime,2024-04-21,61441,747
C00228,prime,2024-08-26,149937,716
C00229,subprime,2022-11-08,21230,638
C00230,subprime,2022-09-16,21459,635
C00231,prime,2024-06-20,76138,744
C00232,near_prime,2024-07-24,21005,673
C00233,near_prime,2022-11-13,24903,644
C00234,near_prime,2023-06-27,42187,654
C00235,prime,2023-11-04,189885,728
C00236,prime,2023-10-11,177912,755
C00237,prime,2023-08-12,109634,744
C00238,near_prime,2024-06-07,26451,683
C00239,prime,2022-12-07,128503,703
C00240,subprime,2022-04-05,15629,609
C00241,prime,2022-10-26,114014,726
C00242,near_prime,2025-03-05,64682,685
C00243,prime,2024-02-23,113132,732
C00244,near_prime,2022-10-21,35216,654
C00245,prime,2022-01-20,171963,755
C00246,subprime,2025-01-24,10176,686
C00247,subprime,2023-09-05,25936,643
C00248,subprime,2023-05-28,19969,615
C00249,prime,2024-09-16,77958,733
C00250,prime,2024-01-06,127561,775
C00251,subprime,2024-03-21,13994,598
C00252,prime,2022-04-11,180214,782
C00253,near_prime,2023-04-17,59784,614
C00254,near_prime,2023-03-25,61721,689
C00255,near_prime,2022-10-08,61172,704
C00256,prime,2022-03-22,130984,751
C00257,prime,2022-09-27,73627,742
C00258,subprime,2023-11-01,29493,576
C00259,near_prime,2024-01-20,54789,691
C00260,near_prime,2023-07-13,74425,719
C00261,subprime,2023-08-28,29463,676
C00262,subprime,2022-08-24,20346,621
C00263,subprime,2024-03-24,23262,594
C00264,prime,2024-03-19,53648,748
C00265,prime,2023-06-21,149883,765
C00266,subprime,2024-01-31,8550,579
C00267,near_prime,2025-02-23,41496,644
C00268,subprime,2023-03-30,26222,668
C00269,subprime,2023-09-11,26274,628
C00270,prime,2022-10-14,61887,774
C00271,near_prime,2022-07-19,35387,670
C00272,subprime,2022-10-05,17735,542
C00273,near_prime,2025-01-11,47467,694
C00274,near_prime,2022-11-13,78026,666
C00275,near_prime,2024-04-15,38333,688
C00276,prime,2024-01-29,106955,681
C00277,subprime,2022-07-23,27468,634
C00278,prime,2024-01-05,65872,734
C00279,prime,2024-07-20,74031,761
C00280,near_prime,2022-02-13,23314,685
C00281,prime,2025-03-02,103793,728
C00282,prime,2025-02-09,104305,702
C00283,prime,2022-10-30,50743,721
C00284,prime,2022-10-24,84076,698
C00285,prime,2022-02-22,84551,736
C00286,prime,2023-05-03,134874,773
C00287,prime,2024-05-12,187910,752
C00288,prime,2022-05-11,174845,723
C00289,near_prime,2024-07-14,53019,690
C00290,prime,2022-03-30,186695,736
C00291,prime,2024-09-07,155281,790
C00292,near_prime,2022-08-10,52130,671
C00293,subprime,2023-10-22,24932,557
C00294,prime,2022-09-16,122093,721
C00295,near_prime,2024-02-20,59150,647
C00296,near_prime,2024-07-18,53131,667
C00297,near_prime,2025-02-03,67240,670
C00298,subprime,2024-05-30,19796,631
C00299,subprime,2024-03-27,18631,573
C00300,near_prime,2023-10-03,47968,669
C00301,subprime,2024-08-29,7199,628
C00302,prime,2022-06-24,74439,704
C00303,prime,2022-09-24,195849,770
C00304,prime,2025-02-24,197241,742
C00305,prime,2024-05-16,63486,763
C00306,subprime,2023-10-02,16522,637
C00307,prime,2024-09-14,108784,771
C00308,subprime,2023-12-19,23227,554
C00309,near_prime,2024-05-28,75388,723
C00310,near_prime,2025-02-14,21720,640
C00311,near_prime,2022-03-01,31823,647
C00312,prime,2023-09-25,139082,738
C00313,prime,2024-03-31,68241,765
C00314,prime,2022-03-04,74053,749
C00315,near_prime,2023-11-30,30315,655
C00316,prime,2023-10-27,198791,698
C00317,prime,2022-04-12,71386,714
C00318,prime,2024-05-18,177313,725
C00319,prime,2024-11-15,79836,730
C00320,prime,2022-08-16,124251,732
C00321,near_prime,2023-09-24,22976,637
C00322,prime,2022-04-23,52015,770
C00323,near_prime,2023-06-08,38969,760
C00324,prime,2022-01-16,180386,749
C00325,prime,2023-04-17,181140,731
C00326,near_prime,2023-12-27,24723,634
C00327,near_prime,2024-07-30,25102,714
C00328,subprime,2024-05-29,23789,552
C00329,prime,2024-04-09,55467,774
C00330,subprime,2022-12-18,25254,540
C00331,prime,2024-06-13,77751,761
C00332,prime,2024-03-31,187353,803
C00333,near_prime,2023-03-30,41827,713
C00334,near_prime,2022-06-06,53455,651
C00335,prime,2023-12-17,142038,722
C00336,near_prime,2022-10-30,35484,701
C00337,prime,2022-11-10,69753,763
C00338,prime,2024-10-08,171622,751
C00339,near_prime,2025-03-02,62139,620
C00340,near_prime,2023-10-24,76639,710
C00341,near_prime,2024-08-18,48980,674
C00342,near_prime,2023-07-17,58759,719
C00343,prime,2024-07-14,59858,762
C00344,prime,2023-08-11,70114,699
C00345,prime,2024-11-04,150789,684
C00346,near_prime,2025-02-09,71892,679
C00347,subprime,2025-03-16,26359,588
C00348,prime,2024-09-01,181430,756
C00349,prime,2023-12-05,72106,758
C00350,near_prime,2022-12-20,22565,680
C00351,near_prime,2024-12-06,59964,717
C00352,prime,2024-02-03,124158,710
C00353,near_prime,2022-04-18,71722,719
C00354,near_prime,2023-11-17,24319,658
C00355,prime,2023-06-01,89419,783
C00356,prime,2022-10-17,141703,733
C00357,near_prime,2022-09-22,58996,727
C00358,near_prime,2022-06-23,40288,633
C00359,prime,2022-09-19,187990,734
C00360,prime,2024-05-17,183297,731
C00361,prime,2023-03-15,139583,771
C00362,subprime,2024-09-22,11291,603
C00363,prime,2022-07-27,183087,766
C00364,near_prime,2024-12-14,22473,642
C00365,near_prime,2024-02-11,30109,619
C00366,prime,2022-12-06,164733,777
C00367,near_prime,2024-06-28,60015,689
C00368,prime,2024-07-08,111342,724
C00369,near_prime,2024-08-18,79242,673
C00370,subprime,2024-01-24,27226,709
C00371,near_prime,2023-08-01,70995,647
C00372,prime,2024-12-16,159749,804
C00373,near_prime,2022-10-11,77213,666
C00374,prime,2024-09-11,147311,736
C00375,subprime,2022-09-13,14340,593
C00376,prime,2022-11-25,121510,715
C00377,subprime,2022-07-07,12275,615
C00378,subprime,2023-12-17,5873,565
C00379,prime,2024-03-01,71392,765
C00380,prime,2022-02-27,133541,802
C00381,near_prime,2022-10-27,29017,651
C00382,prime,2024-08-25,86383,751
C00383,near_prime,2022-06-12,21245,640
C00384,prime,2022-11-03,193865,788
C00385,near_prime,2023-08-14,35573,662
C00386,prime,2022-04-08,112505,703
C00387,near_prime,2022-08-16,74833,710
C00388,subprime,2025-01-02,5538,564
C00389,near_prime,2023-08-20,48130,646
C00390,prime,2023-12-24,113062,732
C00391,near_prime,2024-12-08,43632,670
C00392,prime,2024-12-13,192627,660
C00393,near_prime,2024-03-10,77234,675
C00394,near_prime,2024-03-03,44464,679
C00395,near_prime,2023-12-08,35802,686
C00396,near_prime,2022-08-01,70561,628
C00397,prime,2023-12-23,193134,725
C00398,prime,2022-12-25,171798,783
C00399,prime,2022-10-04,66541,745
C00400,near_prime,2024-07-26,22423,677
C00401,prime,2022-03-27,132731,758
C00402,subprime,2024-11-21,18049,649
C00403,prime,2023-01-27,125002,747
C00404,prime,2022-04-08,137012,742
C00405,near_prime,2024-03-30,68713,742
C00406,near_prime,2024-03-02,42219,720
C00407,near_prime,2024-11-29,37479,673
C00408,near_prime,2024-05-19,25172,576
C00409,prime,2023-08-25,134203,791
C00410,prime,2023-11-03,127500,735
C00411,near_prime,2024-06-28,43038,724
C00412,near_prime,2023-12-24,60294,708
C00413,subprime,2022-04-28,7458,599
C00414,near_prime,2024-04-11,43809,621
C00415,prime,2022-03-05,87428,745
C00416,subprime,2024-06-16,6140,620
C00417,near_prime,2024-01-12,45090,698
C00418,subprime,2022-03-08,24827,624
C00419,prime,2024-06-28,70155,776
C00420,near_prime,2024-12-20,44048,639
C00421,prime,2022-08-21,56793,775
C00422,near_prime,2024-10-19,53930,645
C00423,prime,2023-06-18,166987,775
C00424,prime,2023-08-08,178765,754
C00425,prime,2022-12-20,166683,765
C00426,subprime,2023-10-17,26883,591
C00427,near_prime,2023-09-07,75794,690
C00428,prime,2022-12-23,144763,734
C00429,prime,2022-10-12,112058,749
C00430,near_prime,2022-02-23,43651,648
C00431,near_prime,2025-02-03,28504,668
C00432,near_prime,2022-06-26,24308,629
C00433,near_prime,2024-12-12,46921,808
C00434,near_prime,2022-06-01,28213,729
C00435,near_prime,2024-11-25,42578,671
C00436,prime,2025-02-03,97700,751
C00437,near_prime,2022-04-24,74486,661
C00438,prime,2022-11-10,129724,763
C00439,near_prime,2023-12-10,54006,706
C00440,subprime,2022-06-11,13211,633
C00441,prime,2023-09-13,189848,820
C00442,prime,2022-12-12,90421,769
C00443,subprime,2023-11-23,23468,649
C00444,prime,2022-02-28,71292,791
C00445,near_prime,2023-03-08,70263,694
C00446,near_prime,2022-03-04,52639,713
C00447,near_prime,2023-09-11,51650,651
C00448,prime,2024-04-11,127970,706
C00449,prime,2024-05-01,176943,763
C00450,near_prime,2023-11-28,59758,723
C00451,prime,2023-12-09,154521,796
C00452,prime,2024-01-29,184998,725
C00453,near_prime,2023-07-02,49464,668
C00454,prime,2022-07-18,63265,742
C00455,near_prime,2023-05-24,76708,713
C00456,subprime,2023-11-02,23929,595
C00457,prime,2024-11-20,172372,730
C00458,near_prime,2023-09-24,52595,763
C00459,near_prime,2023-05-09,34099,692
C00460,near_prime,2022-04-10,23312,670
C00461,subprime,2024-08-21,14363,652
C00462,near_prime,2022-08-09,48241,698
C00463,prime,2024-04-05,145928,767
C00464,prime,2022-04-15,199495,723
C00465,prime,2024-03-02,182187,739
C00466,near_prime,2025-01-31,38331,702
C00467,near_prime,2022-09-21,26336,636
C00468,prime,2023-11-26,196232,796
C00469,prime,2024-11-08,155221,731
C00470,near_prime,2022-04-03,22550,700
C00471,near_prime,2024-07-24,29760,703
C00472,near_prime,2024-11-21,29160,657
C00473,prime,2023-09-05,138178,786
C00474,near_prime,2024-11-09,54887,635
C00475,near_prime,2022-02-04,44140,682
C00476,prime,2022-08-13,159193,703
C00477,near_prime,2022-02-24,59119,648
C00478,near_prime,2023-04-12,67277,717
C00479,near_prime,2024-02-18,29684,692
C00480,subprime,2023-05-12,6034,544
C00481,prime,2024-06-22,132232,729
C00482,near_prime,2024-04-25,65252,691
C00483,near_prime,2024-08-23,77200,719
C00484,subprime,2022-05-08,28126,617
C00485,prime,2024-09-06,187750,765
C00486,prime,2022-12-21,170498,773
C00487,prime,2023-06-26,176924,735
C00488,prime,2023-05-20,123139,729
C00489,subprime,2023-09-02,14470,589
C00490,near_prime,2024-09-28,40777,635
C00491,subprime,2023-07-15,14430,606
C00492,prime,2025-01-17,149534,773
C00493,prime,2022-10-27,126140,731
C00494,prime,2022-06-11,140797,788
C00495,near_prime,2023-03-15,33242,656
C00496,subprime,2023-07-10,23416,592
C00497,near_prime,2023-05-06,35889,662
C00498,prime,2024-12-23,109158,743
C00499,near_prime,2024-08-25,26589,671
C00500,near_prime,2022-10-09,20339,774
C00501,prime,2024-09-01,175160,731
C00502,near_prime,2023-08-12,41048,677
C00503,near_prime,2023-04-21,55071,691
C00504,near_prime,2022-03-18,79849,712
C00505,subprime,2022-03-16,18008,580
C00506,near_prime,2023-01-17,69086,757
C00507,subprime,2022-01-19,14777,578
C00508,near_prime,2022-08-08,41957,657
C00509,near_prime,2024-10-08,78278,782
C00510,subprime,2024-10-29,20336,589
C00511,prime,2024-07-28,117440,804
C00512,near_prime,2022-01-29,68274,664
C00513,near_prime,2023-01-31,31501,704
C00514,near_prime,2024-04-10,74197,651
C00515,prime,2022-07-15,98439,761
C00516,subprime,2024-09-04,15603,604
C00517,prime,2024-07-03,119990,748
C00518,subprime,2023-09-11,24086,598
C00519,near_prime,2023-04-29,24071,674
C00520,near_prime,2024-08-11,40106,708
C00521,subprime,2023-09-29,27619,651
C00522,prime,2023-08-28,146349,734
C00523,prime,2022-11-10,169269,736
C00524,near_prime,2024-02-05,47252,657
C00525,near_prime,2023-03-24,69929,606
C00526,prime,2022-06-17,187758,705
C00527,prime,2025-03-01,79414,765
C00528,prime,2025-01-26,182510,761
C00529,prime,2024-12-01,165825,785
C00530,prime,2023-02-25,178143,780
C00531,near_prime,2024-07-17,28647,702
C00532,near_prime,2024-07-24,56956,716
C00533,near_prime,2022-02-14,45948,693
C00534,prime,2022-01-07,107121,741
C00535,prime,2022-05-11,191862,745
C00536,subprime,2022-05-22,20468,640
C00537,near_prime,2024-05-10,44540,687
C00538,subprime,2024-02-23,19697,659
C00539,prime,2025-01-09,84862,702
C00540,near_prime,2023-12-14,27774,698
C00541,near_prime,2023-04-02,74710,719
C00542,prime,2022-02-16,128214,703
C00543,near_prime,2024-02-16,73959,692
C00544,prime,2024-08-01,140743,760
C00545,subprime,2022-08-20,6055,621
C00546,near_prime,2024-05-08,60299,687
C00547,prime,2023-02-27,67639,688
C00548,prime,2022-03-10,167031,711
C00549,prime,2022-04-01,155451,723
C00550,near_prime,2025-01-10,34238,681
C00551,prime,2023-08-16,111384,698
C00552,subprime,2023-10-16,23922,551
C00553,prime,2023-09-11,87554,724
C00554,subprime,2024-12-03,12243,572
C00555,near_prime,2022-12-25,61025,694
C00556,near_prime,2025-02-12,52481,710
C00557,near_prime,2024-02-20,71498,689
C00558,near_prime,2024-05-02,46755,700
C00559,near_prime,2024-08-27,35792,707
C00560,subprime,2023-09-08,28185,627
C00561,prime,2024-04-25,159185,776
C00562,near_prime,2022-10-02,45455,681
C00563,near_prime,2024-07-10,75517,703
C00564,prime,2025-01-01,99933,777
C00565,near_prime,2022-03-22,77253,690
C00566,prime,2025-02-18,106889,689
C00567,prime,2022-02-01,105524,757
C00568,subprime,2022-08-29,29473,645
C00569,prime,2023-02-23,153974,749
C00570,subprime,2025-02-04,15538,606
C00571,near_prime,2024-01-06,40212,646
C00572,prime,2024-11-16,180358,697
C00573,near_prime,2023-10-18,79921,693
C00574,prime,2023-10-03,158509,807
C00575,near_prime,2022-02-03,37090,699
C00576,near_prime,2024-05-05,39345,698
C00577,prime,2023-05-19,180888,771
C00578,near_prime,2023-11-23,36864,683
C00579,near_prime,2024-10-01,50200,639
C00580,prime,2023-12-23,94371,774
C00581,prime,2025-01-15,65396,779
C00582,near_prime,2022-06-02,73608,650
C00583,near_prime,2023-04-19,24454,628
C00584,near_prime,2022-01-19,34334,646
C00585,near_prime,2024-09-16,63206,678
C00586,near_prime,2022-01-14,54879,674
C00587,near_prime,2023-07-17,55110,678
C00588,subprime,2022-02-05,21456,623
C00589,near_prime,2023-01-03,27013,631
C00590,subprime,2024-12-09,9879,603
C00591,prime,2023-12-27,120077,791
C00592,near_prime,2022-06-11,44448,717
C00593,prime,2023-04-08,128636,741
C00594,near_prime,2022-06-15,62843,730
C00595,prime,2024-04-10,149421,747
C00596,prime,2024-09-01,64710,719
C00597,prime,2024-06-07,136840,714
C00598,near_prime,2022-07-15,78641,669
C00599,prime,2025-03-06,174649,748
C00600,prime,2022-06-02,123498,781
C00601,prime,2023-10-07,54104,727
C00602,subprime,2022-10-23,29649,631
C00603,subprime,2023-09-05,10323,533
C00604,near_prime,2025-03-06,74699,710
C00605,near_prime,2024-02-26,69519,637
C00606,near_prime,2022-06-10,52819,679
C00607,prime,2023-04-21,69927,722
C00608,prime,2024-03-23,135557,773
C00609,subprime,2024-10-01,12475,605
C00610,prime,2024-02-08,163206,765
C00611,prime,2023-08-28,114605,786
C00612,near_prime,2022-06-18,37561,711
C00613,near_prime,2024-03-08,40753,725
C00614,prime,2022-07-07,51361,780
C00615,near_prime,2022-07-29,28683,666
C00616,prime,2024-06-01,167661,716
C00617,prime,2022-07-03,142776,737
C00618,near_prime,2023-10-27,76604,658
C00619,prime,2022-06-23,196679,766
C00620,subprime,2023-05-13,23741,539
C00621,prime,2023-07-05,128939,743
C00622,prime,2022-10-26,66585,761
C00623,prime,2022-06-07,144666,770
C00624,prime,2023-05-21,179971,733
C00625,prime,2023-09-16,51774,738
C00626,subprime,2023-11-12,25322,541
C00627,near_prime,2024-05-31,73443,727
C00628,subprime,2022-10-06,14844,558
C00629,prime,2023-10-06,96566,815
C00630,subprime,2023-10-16,14550,594
C00631,subprime,2023-05-12,15678,543
C00632,prime,2024-03-15,145686,779
C00633,near_prime,2025-01-22,31791,709
C00634,near_prime,2025-01-31,21763,717
C00635,near_prime,2024-06-16,72277,668
C00636,prime,2022-05-22,157254,742
C00637,prime,2023-06-02,90407,735
C00638,near_prime,2024-02-12,24847,635
C00639,near_prime,2024-12-30,53201,694
C00640,subprime,2024-05-06,22814,702
C00641,near_prime,2025-01-04,58916,701
C00642,near_prime,2022-06-24,27167,686
C00643,prime,2022-04-01,197644,706
C00644,subprime,2024-03-29,29663,565
C00645,prime,2022-07-21,117826,796
C00646,prime,2024-11-28,196274,715
C00647,near_prime,2024-03-12,50347,657
C00648,near_prime,2024-10-21,29879,675
C00649,prime,2024-05-01,72506,755
C00650,prime,2022-10-18,141312,737
C00651,prime,2024-09-16,141304,780
C00652,near_prime,2024-06-16,67316,669
C00653,prime,2022-08-24,55920,725
C00654,subprime,2022-08-12,27188,628
C00655,near_prime,2024-11-22,31432,603
C00656,near_prime,2023-11-09,56690,645
C00657,near_prime,2023-01-13,32215,697
C00658,near_prime,2024-06-04,45924,727
C00659,prime,2024-05-29,151930,757
C00660,prime,2023-03-16,103945,741
C00661,near_prime,2022-07-28,72396,733
C00662,subprime,2023-01-18,16986,579
C00663,prime,2024-09-29,188337,779
C00664,subprime,2023-10-04,24561,569
C00665,prime,2023-12-22,170025,769
C00666,near_prime,2023-09-02,60270,635
C00667,prime,2023-05-04,130053,725
C00668,prime,2024-02-04,87056,718
C00669,prime,2024-02-25,160897,747
C00670,prime,2025-01-05,95412,717
C00671,prime,2023-10-07,168227,738
C00672,near_prime,2024-01-06,20628,657
C00673,prime,2025-02-24,182497,751
C00674,near_prime,2024-04-17,64872,624
C00675,near_prime,2022-12-09,25417,682
C00676,near_prime,2023-03-28,39142,704
C00677,prime,2024-07-25,198281,754
C00678,near_prime,2024-10-11,56026,634
C00679,prime,2025-01-17,146170,747
C00680,near_prime,2022-03-27,69807,671
C00681,subprime,2022-07-29,29116,550
C00682,subprime,2023-05-22,14755,607
C00683,prime,2022-06-28,165099,744
C00684,subprime,2022-08-29,12764,616
C00685,near_prime,2024-05-26,30877,735
C00686,near_prime,2023-02-28,73315,683
C00687,prime,2023-07-30,191234,760
C00688,prime,2023-08-23,125846,683
C00689,near_prime,2022-07-15,28885,641
C00690,subprime,2024-04-22,6942,680
C00691,prime,2022-09-29,115451,747
C00692,prime,2023-10-22,114894,753
C00693,near_prime,2023-07-05,61144,627
C00694,near_prime,2024-07-14,24949,631
C00695,prime,2024-11-21,122935,704
C00696,near_prime,2024-01-26,49798,709
C00697,prime,2022-07-10,170179,741
C00698,near_prime,2024-01-04,75712,719
C00699,prime,2024-05-29,105535,764
C00700,near_prime,2023-10-24,74286,670
C00701,prime,2024-09-20,140109,786
C00702,subprime,2022-04-10,6505,656
C00703,near_prime,2022-09-12,76207,715
C00704,prime,2024-07-23,50177,781
C00705,subprime,2022-09-28,26299,597
C00706,prime,2023-07-16,74468,737
C00707,prime,2022-12-05,63575,731
C00708,prime,2023-09-18,111379,738
C00709,prime,2023-03-14,174992,755
C00710,prime,2023-04-09,186169,748
C00711,near_prime,2022-09-04,76383,675
C00712,near_prime,2022-09-28,51306,711
C00713,near_prime,2022-07-29,26763,694
C00714,prime,2023-09-05,85947,709
C00715,subprime,2022-10-20,7241,649
C00716,near_prime,2022-01-18,59997,657
C00717,near_prime,2022-11-07,46981,649
C00718,near_prime,2024-06-25,76358,695
C00719,prime,2022-09-10,150671,812
C00720,prime,2024-05-29,132445,755
C00721,near_prime,2023-05-24,56267,654
C00722,near_prime,2023-08-07,71050,687
C00723,subprime,2023-09-10,11732,596
C00724,near_prime,2024-11-09,32363,679
C00725,prime,2023-05-06,179731,724
C00726,prime,2023-05-09,180962,742
C00727,subprime,2022-01-25,16832,588
C00728,subprime,2022-09-28,17675,633
C00729,prime,2022-12-20,173473,720
C00730,subprime,2022-05-30,5546,594
C00731,prime,2022-05-04,154326,747
C00732,near_prime,2024-10-23,70273,633
C00733,prime,2025-01-03,190943,773
C00734,near_prime,2023-07-23,25478,664
C00735,prime,2022-11-15,190611,783
C00736,prime,2022-05-16,131309,734
C00737,subprime,2022-04-29,13011,538
C00738,prime,2024-06-08,80405,710
C00739,prime,2022-12-26,81311,761
C00740,prime,2022-10-09,52975,788
C00741,near_prime,2023-06-15,30942,754
C00742,prime,2023-07-05,80947,750
C00743,near_prime,2023-07-12,54331,671
C00744,prime,2022-06-07,180062,722
C00745,near_prime,2025-03-06,30936,689
C00746,prime,2023-06-07,76975,785
C00747,prime,2024-11-08,50673,722
C00748,prime,2022-01-26,114107,777
C00749,subprime,2023-01-02,6158,610
C00750,near_prime,2024-05-08,34713,664
C00751,near_prime,2023-07-10,74132,712
C00752,prime,2024-02-03,81300,685
C00753,prime,2024-11-22,62039,749
C00754,subprime,2022-05-22,20240,645
C00755,prime,2022-06-26,194989,711
C00756,near_prime,2024-01-26,33151,664
C00757,near_prime,2023-05-12,50403,739
C00758,prime,2024-10-07,101228,745
C00759,near_prime,2022-11-05,20417,636
C00760,subprime,2022-02-18,12634,545
C00761,near_prime,2022-01-20,41955,667
C00762,prime,2024-02-10,130612,779
C00763,prime,2024-10-04,65701,772
C00764,subprime,2022-10-19,28319,597
C00765,prime,2024-11-30,158280,758
C00766,near_prime,2024-02-02,50045,694
C00767,prime,2022-10-01,153376,747
C00768,prime,2025-03-08,66327,678
C00769,prime,2023-06-19,132577,780
C00770,subprime,2024-03-15,27961,617
C00771,near_prime,2023-04-24,24894,652
C00772,subprime,2022-10-06,24159,614
C00773,near_prime,2023-10-06,46641,690
C00774,prime,2024-01-04,104430,718
C00775,subprime,2022-07-05,10164,613
C00776,near_prime,2023-09-16,74158,666
C00777,prime,2023-11-03,88882,710
C00778,prime,2023-05-24,143255,742
C00779,prime,2022-12-23,58147,755
C00780,subprime,2024-07-15,23217,599
C00781,near_prime,2022-10-14,27959,653
C00782,prime,2023-04-01,84266,759
C00783,near_prime,2022-06-22,58163,713
C00784,near_prime,2022-06-03,21428,703
C00785,near_prime,2022-09-21,26027,679
C00786,subprime,2023-11-11,9014,642
C00787,prime,2024-06-06,153546,758
C00788,near_prime,2024-02-23,64775,650
C00789,subprime,2023-07-18,14170,616
C00790,near_prime,2022-11-01,22270,643
C00791,near_prime,2024-10-18,47000,648
C00792,subprime,2024-09-08,6998,633
C00793,near_prime,2024-12-12,36328,698
C00794,near_prime,2025-01-18,72091,714
C00795,near_prime,2024-09-09,55685,684
C00796,near_prime,2023-12-06,79813,651
C00797,prime,2022-02-23,133591,739
C00798,near_prime,2022-03-02,78704,690
C00799,near_prime,2024-08-24,54696,653
C00800,prime,2023-04-22,91844,785
C00801,prime,2022-04-25,107517,775
C00802,near_prime,2024-03-06,43252,779
C00803,prime,2023-04-30,133362,713
C00804,near_prime,2024-01-05,79898,634
C00805,prime,2025-03-08,197746,724
C00806,prime,2023-01-21,179034,732
C00807,prime,2022-04-26,110980,745
C00808,near_prime,2022-02-10,54501,648
C00809,near_prime,2022-09-25,42331,684
C00810,near_prime,2023-10-25,23903,726
C00811,subprime,2022-08-16,22245,607
C00812,subprime,2022-05-29,17241,583
C00813,near_prime,2023-11-21,39776,630
C00814,prime,2022-11-19,164522,769
C00815,near_prime,2022-12-23,66345,594
C00816,subprime,2024-01-01,12315,562
C00817,prime,2023-08-27,83383,702
C00818,prime,2022-01-04,152655,780
C00819,near_prime,2023-01-08,59478,631
C00820,prime,2023-03-29,198255,777
C00821,prime,2022-06-09,112389,771
C00822,prime,2023-10-17,94010,699
C00823,subprime,2023-11-19,19635,522
C00824,prime,2023-03-06,115415,740
C00825,near_prime,2022-01-03,23155,649
C00826,prime,2024-05-09,93604,776
C00827,prime,2025-01-23,148395,726
C00828,prime,2024-09-08,109135,756
C00829,subprime,2023-08-27,5657,613
C00830,prime,2022-08-03,69451,715
C00831,prime,2022-06-03,193404,802
C00832,subprime,2022-07-10,16073,554
C00833,near_prime,2022-03-05,48267,653
C00834,subprime,2022-12-04,24900,617
C00835,prime,2023-02-25,99803,738
C00836,prime,2025-02-08,191590,747
C00837,prime,2022-04-12,152996,774
C00838,near_prime,2024-10-02,30065,682
C00839,prime,2024-09-10,102343,750
C00840,prime,2023-02-28,94782,696
C00841,near_prime,2022-08-25,40208,606
C00842,near_prime,2024-08-22,52053,701
C00843,near_prime,2024-03-04,32116,663
C00844,prime,2024-02-21,146836,753
C00845,near_prime,2023-06-24,34827,689
C00846,subprime,2025-03-01,7019,635
C00847,prime,2023-12-06,191937,787
C00848,near_prime,2023-04-11,56280,712
C00849,near_prime,2025-01-01,65027,692
C00850,subprime,2024-08-30,23766,633
C00851,prime,2022-03-13,181622,726
C00852,near_prime,2024-11-24,72458,590
C00853,prime,2024-07-08,95319,712
C00854,subprime,2022-12-09,11943,607
C00855,near_prime,2024-06-10,33232,663
C00856,subprime,2022-10-30,24498,595
C00857,subprime,2022-05-18,7851,687
C00858,prime,2024-03-24,194717,738
C00859,near_prime,2022-01-26,71547,704
C00860,near_prime,2024-12-06,71228,648
C00861,prime,2022-07-25,77691,765
C00862,near_prime,2022-07-26,71494,670
C00863,prime,2024-04-21,119241,786
C00864,prime,2024-09-21,199952,743
C00865,prime,2022-10-22,155308,744
C00866,prime,2023-11-10,112279,782
C00867,prime,2024-02-02,55303,760
C00868,prime,2023-09-13,131513,743
C00869,near_prime,2022-07-21,76944,719
C00870,prime,2023-09-08,166158,753
C00871,near_prime,2022-07-02,32316,649
C00872,near_prime,2024-04-13,68558,638
C00873,prime,2022-04-26,185074,753
C00874,near_prime,2022-05-15,40389,671
C00875,near_prime,2024-12-09,77627,645
C00876,near_prime,2022-12-22,32632,696
C00877,prime,2022-03-09,169655,735
C00878,prime,2024-01-09,102195,741
C00879,near_prime,2022-09-11,64641,744
C00880,prime,2024-02-02,178132,734
C00881,subprime,2025-02-03,16460,586
C00882,prime,2023-06-14,73695,743
C00883,prime,2023-03-15,108025,778
C00884,near_prime,2023-02-28,37634,655
C00885,subprime,2022-01-19,20535,560
C00886,subprime,2022-12-21,24698,608
C00887,near_prime,2023-09-18,66710,656
C00888,subprime,2023-07-18,18887,661
C00889,near_prime,2023-03-23,50585,638
C00890,prime,2024-12-02,154111,746
C00891,subprime,2024-02-06,23397,597
C00892,near_prime,2023-08-02,39560,663
C00893,prime,2023-07-21,135232,718
C00894,subprime,2023-06-19,26499,579
C00895,prime,2022-11-04,185605,688
C00896,near_prime,2022-04-27,72784,719
C00897,prime,2023-10-17,86681,707
C00898,near_prime,2024-10-15,39372,677
C00899,prime,2022-03-14,199957,781
C00900,subprime,2023-12-04,28807,586
C00901,near_prime,2024-09-01,79410,628
C00902,subprime,2024-01-05,21623,592
C00903,near_prime,2025-02-17,31870,700
C00904,prime,2024-08-22,83539,747
C00905,near_prime,2023-01-10,64545,623
C00906,subprime,2022-07-02,12282,559
C00907,prime,2023-11-10,147434,789
C00908,prime,2023-08-26,171572,770
C00909,subprime,2022-05-26,20473,563
C00910,subprime,2024-10-21,8926,626
C00911,prime,2022-04-21,89525,728
C00912,prime,2023-02-15,139828,717
C00913,subprime,2024-07-26,9693,628
C00914,prime,2023-01-05,71184,707
C00915,prime,2022-04-29,51235,753
C00916,near_prime,2023-03-05,69885,686
C00917,prime,2022-06-30,83922,711
C00918,near_prime,2024-05-29,46436,644
C00919,prime,2024-12-29,102275,764
C00920,near_prime,2022-01-29,78458,650
C00921,prime,2022-01-09,115227,801
C00922,prime,2023-12-07,131813,770
C00923,near_prime,2022-12-09,24278,704
C00924,subprime,2023-09-03,14529,553
C00925,near_prime,2024-06-07,78194,691
C00926,near_prime,2022-10-02,42461,720
C00927,near_prime,2022-12-04,79434,679
C00928,subprime,2024-04-06,5626,608
C00929,prime,2022-02-14,182286,797
C00930,prime,2024-01-21,59794,719
C00931,near_prime,2022-04-10,58923,715
C00932,subprime,2022-08-10,26416,606
C00933,prime,2024-06-28,149681,741
C00934,prime,2023-06-02,174360,743
C00935,near_prime,2022-01-20,39733,657
C00936,near_prime,2022-07-26,63416,631
C00937,near_prime,2024-05-07,74437,673
C00938,subprime,2024-11-13,28552,575
C00939,near_prime,2024-10-16,33018,660
C00940,near_prime,2023-06-23,74493,656
C00941,near_prime,2023-08-28,30510,676
C00942,prime,2024-10-13,104445,736
C00943,prime,2022-01-27,73331,718
C00944,subprime,2024-10-08,9887,666
C00945,prime,2022-07-27,117080,733
C00946,near_prime,2024-07-24,39400,679
C00947,subprime,2022-03-22,14521,612
C00948,prime,2023-10-03,161672,749
C00949,near_prime,2022-04-04,20633,664
C00950,subprime,2022-12-16,15769,573
C00951,near_prime,2022-07-10,44420,709
C00952,subprime,2023-01-10,8730,516
C00953,prime,2024-02-29,175369,794
C00954,near_prime,2022-12-08,27409,717
C00955,subprime,2022-11-23,8398,647
C00956,near_prime,2024-09-15,72577,645
C00957,near_prime,2024-01-05,60065,664
C00958,prime,2022-09-25,176636,762
C00959,near_prime,2022-04-05,24150,671
C00960,prime,2023-10-06,53240,737
C00961,near_prime,2025-03-03,34679,629
C00962,subprime,2023-11-24,22009,538
C00963,prime,2023-05-25,176334,743
C00964,prime,2024-02-28,88968,770
C00965,subprime,2022-04-22,5381,556
C00966,near_prime,2022-11-18,53132,719
C00967,subprime,2022-06-03,29622,536
C00968,near_prime,2023-05-09,41685,691
C00969,prime,2024-02-15,155716,748
C00970,subprime,2022-06-11,20043,550
C00971,prime,2024-10-17,167196,763
C00972,prime,2024-10-15,54658,774
C00973,near_prime,2022-01-01,74126,701
C00974,prime,2023-09-16,183257,709
C00975,near_prime,2023-11-30,43812,660
C00976,subprime,2023-04-02,19891,566
C00977,near_prime,2024-01-15,66918,732
C00978,near_prime,2022-07-19,69762,678
C00979,prime,2023-08-21,193573,748
C00980,near_prime,2022-08-06,23000,712
C00981,subprime,2024-04-18,8504,571
C00982,prime,2023-02-06,99163,792
C00983,prime,2023-01-26,138587,790
C00984,prime,2024-04-28,62189,801
C00985,near_prime,2024-07-11,49975,650
C00986,near_prime,2024-10-29,28823,683
C00987,near_prime,2025-02-07,48364,679
C00988,subprime,2024-09-16,21657,617
C00989,near_prime,2022-12-22,67873,604
C00990,subprime,2022-08-01,17694,570
C00991,prime,2024-02-27,159750,715
C00992,subprime,2023-05-24,13965,570
C00993,prime,2022-10-01,86223,766
C00994,near_prime,2024-11-15,39589,704
C00995,prime,2025-02-07,106975,718
C00996,prime,2023-08-19,140516,764
C00997,near_prime,2022-12-31,53023,671
C00998,near_prime,2023-10-23,66553,704
C00999,near_prime,2025-03-14,63722,701
C01000,near_prime,2024-12-29,38738,706
C01001,prime,2022-08-07,56624,728
C01002,prime,2022-04-19,64838,765
C01003,prime,2023-08-10,115683,797
C01004,prime,2022-05-08,127369,760
C01005,prime,2024-07-15,76864,785
C01006,near_prime,2025-02-24,76678,688
C01007,prime,2024-11-12,125402,792
C01008,near_prime,2022-04-07,45007,613
C01009,subprime,2023-10-03,23092,665
C01010,prime,2023-05-30,103238,712
C01011,subprime,2023-04-07,25767,552
C01012,near_prime,2024-01-24,69486,631
C01013,prime,2023-02-01,127116,724
C01014,near_prime,2022-06-02,32253,735
C01015,prime,2022-03-25,162330,738
C01016,prime,2023-06-26,84096,780
C01017,prime,2024-08-13,90581,799
C01018,prime,2023-10-23,63331,756
C01019,subprime,2023-09-09,21074,544
C01020,near_prime,2025-01-31,43467,729
C01021,near_prime,2023-01-12,54118,704
C01022,prime,2024-10-31,91778,717
C01023,prime,2023-03-30,105929,768
C01024,near_prime,2023-11-10,43645,656
C01025,near_prime,2024-08-30,56787,762
C01026,subprime,2022-01-19,8759,578
C01027,subprime,2023-05-15,6306,562
C01028,near_prime,2023-10-20,44993,752
C01029,prime,2025-01-11,124141,713
C01030,prime,2024-11-24,148293,714
C01031,near_prime,2023-08-31,78869,676
C01032,near_prime,2023-10-19,53678,693
C01033,subprime,2025-01-06,22472,608
C01034,prime,2022-05-15,105255,725
C01035,subprime,2024-05-18,8405,539
C01036,prime,2024-06-10,68905,749
C01037,near_prime,2023-11-11,22482,659
C01038,prime,2022-04-22,96659,760
C01039,near_prime,2023-04-12,79702,636
C01040,prime,2024-03-05,168259,728
C01041,prime,2022-08-31,190203,726
C01042,prime,2022-05-10,61931,746
C01043,subprime,2022-08-06,14497,585
C01044,near_prime,2023-09-10,59751,731
C01045,near_prime,2024-03-20,73878,710
C01046,near_prime,2024-08-28,30244,661
C01047,prime,2025-01-22,127326,746
C01048,subprime,2022-10-23,14766,560
C01049,near_prime,2024-02-04,20730,610
C01050,near_prime,2025-02-10,29265,682
C01051,near_prime,2025-01-05,55882,682
C01052,subprime,2023-09-17,11883,599
C01053,prime,2024-04-25,184362,685
C01054,prime,2023-01-12,107878,733
C01055,prime,2025-03-07,64257,734
C01056,subprime,2025-01-29,20114,590
C01057,near_prime,2023-05-29,26435,669
C01058,prime,2024-09-24,136730,722
C01059,prime,2023-08-07,68299,784
C01060,subprime,2023-10-13,20920,547
C01061,prime,2022-11-09,198256,762
C01062,near_prime,2023-10-10,48069,694
C01063,near_prime,2024-06-12,38132,706
C01064,subprime,2022-10-03,27268,591
C01065,near_prime,2024-01-05,70775,608
C01066,prime,2025-02-03,78529,768
C01067,subprime,2022-10-14,22649,648
C01068,prime,2022-06-06,69765,795
C01069,near_prime,2024-04-09,70410,637
C01070,near_prime,2022-03-17,56149,675
C01071,near_prime,2022-11-01,43974,753
C01072,prime,2023-08-19,85096,715
C01073,prime,2024-10-25,52776,757
C01074,near_prime,2022-12-06,69624,642
C01075,prime,2025-03-04,88325,747
C01076,near_prime,2024-09-17,43514,737
C01077,prime,2023-06-26,146845,762
C01078,prime,2023-02-28,185760,773
C01079,near_prime,2024-07-20,77773,661
C01080,prime,2023-10-26,77059,739
C01081,subprime,2023-06-24,23960,553
C01082,near_prime,2022-12-23,44684,661
C01083,near_prime,2022-06-09,53860,652
C01084,prime,2023-04-02,185363,704
C01085,prime,2024-09-14,51729,780
C01086,near_prime,2022-10-12,48829,687
C01087,near_prime,2023-03-10,29846,692
C01088,prime,2024-01-12,81019,733
C01089,prime,2022-08-21,176226,723
C01090,near_prime,2024-09-08,33808,637
C01091,near_prime,2023-05-15,22827,652
C01092,prime,2022-11-26,85317,744
C01093,near_prime,2022-04-25,30901,672
C01094,prime,2023-01-04,185434,789
C01095,near_prime,2022-02-08,77573,667
C01096,near_prime,2023-08-04,25619,689
C01097,near_prime,2024-09-13,31178,726
C01098,prime,2024-04-21,87411,765
C01099,prime,2024-11-12,119342,696
C01100,prime,2023-12-03,168874,740
C01101,prime,2022-09-28,78461,743
C01102,prime,2024-12-06,182214,727
C01103,near_prime,2022-12-30,51186,619
C01104,subprime,2022-03-21,22413,580
C01105,near_prime,2022-09-24,79112,679
C01106,near_prime,2022-01-03,78783,728
C01107,near_prime,2024-05-11,44273,659
C01108,subprime,2024-12-21,19056,609
C01109,near_prime,2024-02-20,42971,742
C01110,near_prime,2022-07-20,47884,706
C01111,prime,2022-06-21,124256,775
C01112,near_prime,2025-01-18,46781,679
C01113,near_prime,2022-01-15,57878,683
C01114,near_prime,2024-11-30,20471,663
C01115,near_prime,2024-04-17,43741,696
C01116,prime,2024-05-22,116488,747
C01117,near_prime,2023-07-19,64604,723
C01118,prime,2023-02-22,158325,713
C01119,prime,2025-02-19,195466,737
C01120,near_prime,2023-09-21,57856,649
C01121,near_prime,2022-09-01,69008,725
C01122,prime,2022-11-28,76287,756
C01123,prime,2025-02-01,63645,779
C01124,prime,2022-01-11,73878,765
C01125,near_prime,2022-06-30,24199,644
C01126,prime,2024-01-30,70981,712
C01127,subprime,2024-03-31,25118,559
C01128,near_prime,2023-08-10,66635,691
C01129,near_prime,2022-12-25,61962,677
C01130,near_prime,2022-01-22,33219,727
C01131,near_prime,2023-02-03,22202,614
C01132,near_prime,2024-11-11,53804,664
C01133,near_prime,2024-01-07,35679,634
C01134,near_prime,2022-11-19,25691,740
C01135,prime,2024-03-20,156286,748
C01136,near_prime,2024-11-26,21007,678
C01137,prime,2023-08-06,196568,738
C01138,subprime,2023-12-14,16386,631
C01139,near_prime,2023-02-03,49803,673
C01140,subprime,2022-01-10,13555,621
C01141,near_prime,2024-10-27,39284,717
C01142,prime,2022-08-28,184555,809
C01143,subprime,2023-05-28,27747,578
C01144,near_prime,2024-02-12,56907,654
C01145,prime,2024-07-28,170775,752
C01146,subprime,2022-02-26,20793,611
C01147,near_prime,2023-03-28,64362,688
C01148,near_prime,2023-10-09,47028,720
C01149,prime,2023-06-24,115079,740
C01150,prime,2024-03-28,139651,811
C01151,near_prime,2023-12-26,34323,717
C01152,subprime,2023-07-06,10989,657
C01153,subprime,2024-10-18,29153,580
C01154,prime,2023-05-11,119574,755
C01155,prime,2023-12-31,90893,769
C01156,near_prime,2022-09-03,25143,656
C01157,near_prime,2025-01-13,22769,633
C01158,subprime,2024-01-31,25338,565
C01159,subprime,2023-07-17,21082,678
C01160,prime,2024-11-12,123470,709
C01161,prime,2024-12-12,160933,779
C01162,near_prime,2025-01-12,22134,644
C01163,near_prime,2022-12-24,49962,679
C01164,subprime,2024-11-27,20075,597
C01165,near_prime,2024-02-17,58076,684
C01166,prime,2024-01-11,118078,759
C01167,prime,2023-12-04,145924,771
C01168,prime,2024-05-18,105189,706
C01169,prime,2024-03-31,123303,774
C01170,near_prime,2025-03-16,28594,732
C01171,subprime,2023-07-07,12726,592
C01172,near_prime,2024-02-20,32849,733
C01173,prime,2022-01-20,96296,810
C01174,near_prime,2022-10-03,78541,704
C01175,near_prime,2024-09-23,39663,645
C01176,prime,2025-03-08,62506,713
C01177,prime,2023-06-05,174921,777
C01178,subprime,2022-07-17,19740,598
C01179,prime,2025-02-15,117558,726
C01180,prime,2024-04-23,81781,723
C01181,near_prime,2025-01-07,31438,722
C01182,subprime,2023-08-06,16636,578
C01183,near_prime,2024-07-04,78302,717
C01184,prime,2023-08-10,171569,738
C01185,prime,2023-11-22,160576,737
C01186,near_prime,2025-03-16,46527,687
C01187,prime,2023-04-13,132177,740
C01188,prime,2023-08-20,120116,726
C01189,subprime,2024-01-14,29507,575
C01190,near_prime,2024-07-11,47131,714
C01191,prime,2023-04-26,115967,801
C01192,subprime,2022-06-13,11900,609
C01193,prime,2024-08-27,193768,762
C01194,prime,2024-03-24,187358,751
C01195,prime,2022-11-15,72101,737
C01196,near_prime,2024-03-09,40274,687
C01197,near_prime,2022-09-16,28603,736
C01198,near_prime,2022-12-16,21872,712
C01199,subprime,2024-09-02,20308,608
C01200,subprime,2025-01-12,13926,579
C01201,subprime,2025-01-09,10801,593
C01202,near_prime,2024-07-24,61356,679
C01203,near_prime,2024-12-29,40293,608
C01204,subprime,2024-09-13,22683,602
C01205,prime,2024-04-24,118106,762
C01206,prime,2022-01-22,50024,699
C01207,prime,2023-08-11,172997,742
C01208,near_prime,2024-10-04,69510,675
C01209,near_prime,2023-08-23,59125,680
C01210,prime,2022-01-15,193710,728
C01211,near_prime,2024-03-19,36377,705
C01212,prime,2024-03-09,149184,752
C01213,near_prime,2024-11-24,70104,693
C01214,near_prime,2023-07-11,38656,654
C01215,prime,2023-01-21,67947,720
C01216,prime,2023-08-17,78929,722
C01217,prime,2024-10-04,99227,718
C01218,prime,2022-11-08,63010,756
C01219,subprime,2023-08-01,13820,598
C01220,prime,2024-06-16,52150,751
C01221,near_prime,2023-12-02,47541,699
C01222,prime,2024-10-17,147359,698
C01223,prime,2022-10-27,64690,762
C01224,prime,2024-03-14,68713,731
C01225,subprime,2023-05-28,17503,593
C01226,subprime,2022-09-07,28418,600
C01227,near_prime,2022-03-10,33053,740
C01228,near_prime,2022-07-12,54153,667
C01229,prime,2023-10-02,134689,732
C01230,prime,2022-03-28,194069,727
C01231,near_prime,2023-02-11,43620,676
C01232,subprime,2023-03-23,8700,603
C01233,prime,2023-07-20,81365,781
C01234,prime,2023-05-13,52340,788
C01235,near_prime,2022-11-14,44339,671
C01236,near_prime,2023-05-25,30334,626
C01237,prime,2022-05-03,65669,750
C01238,prime,2022-11-12,190601,754
C01239,prime,2025-02-17,141047,734
C01240,near_prime,2024-06-17,68050,698
C01241,prime,2022-10-03,115718,792
C01242,subprime,2024-09-20,28154,569
C01243,near_prime,2023-01-24,57139,691
C01244,prime,2023-12-14,134850,747
C01245,subprime,2025-02-09,10254,568
C01246,prime,2022-11-14,167803,743
C01247,prime,2022-01-02,182633,772
C01248,prime,2023-01-15,54907,729
C01249,near_prime,2023-10-19,67251,657
C01250,prime,2025-01-08,151578,766
C01251,near_prime,2022-11-12,60176,729
C01252,prime,2024-04-19,134416,778
C01253,prime,2022-09-23,96829,773
C01254,subprime,2023-02-18,8507,581
C01255,near_prime,2024-03-06,63117,681
C01256,near_prime,2023-06-09,23216,648
C01257,prime,2023-03-04,178819,780
C01258,subprime,2022-06-13,20337,604
C01259,near_prime,2024-05-01,73872,668
C01260,prime,2022-04-30,119681,701
C01261,subprime,2022-06-09,12074,588
C01262,subprime,2022-07-18,8316,592
C01263,prime,2024-12-13,115211,713
C01264,near_prime,2023-01-02,56596,679
C01265,prime,2024-01-04,170250,718
C01266,near_prime,2024-05-24,77856,729
C01267,near_prime,2024-10-30,42119,717
C01268,near_prime,2024-12-29,59316,649
C01269,prime,2023-10-27,147444,759
C01270,near_prime,2024-05-31,74142,672
C01271,near_prime,2023-03-15,44580,632
C01272,near_prime,2023-06-05,43593,717
C01273,prime,2022-03-12,124575,742
C01274,near_prime,2024-11-26,28852,709
C01275,prime,2023-03-31,106314,748
C01276,subprime,2022-02-14,27600,639
C01277,near_prime,2025-03-14,57461,609
C01278,prime,2022-03-19,170683,739
C01279,prime,2023-05-27,111078,762
C01280,prime,2023-09-08,74092,714
C01281,prime,2022-06-08,135116,733
C01282,near_prime,2022-12-21,51999,704
C01283,near_prime,2022-07-15,59009,632
C01284,near_prime,2022-03-18,67893,692
C01285,near_prime,2023-11-16,42801,647
C01286,subprime,2024-06-08,18648,618
C01287,near_prime,2022-01-24,61542,672
C01288,near_prime,2024-02-23,23547,676
C01289,near_prime,2022-11-03,41419,689
C01290,near_prime,2023-03-29,30039,733
C01291,prime,2024-07-01,182311,765
C01292,prime,2024-06-03,125964,753
C01293,prime,2024-09-01,199799,733
C01294,near_prime,2025-01-27,46161,677
C01295,near_prime,2022-09-25,69940,715
C01296,prime,2025-02-19,101932,706
C01297,prime,2024-12-09,114551,753
C01298,prime,2023-06-30,162739,719
C01299,prime,2024-04-27,161028,811
C01300,prime,2023-01-26,134079,725
C01301,near_prime,2022-12-13,42919,722
C01302,near_prime,2024-06-24,60840,686
C01303,subprime,2023-02-13,27457,609
C01304,prime,2022-06-25,79457,748
C01305,near_prime,2022-10-30,76934,653
C01306,subprime,2023-08-13,5450,560
C01307,prime,2024-08-22,55963,795
C01308,prime,2025-01-06,105541,760
C01309,prime,2024-09-16,87053,784
C01310,near_prime,2022-02-07,44681,635
C01311,prime,2022-12-15,65757,727
C01312,prime,2023-07-10,63915,679
C01313,prime,2023-07-10,144429,765
C01314,subprime,2022-02-09,14584,638
C01315,prime,2024-02-19,183310,717
C01316,subprime,2022-07-23,15336,546
C01317,prime,2023-02-12,181242,753
C01318,subprime,2025-02-22,28346,629
C01319,near_prime,2023-11-15,52108,683
C01320,prime,2022-11-18,54816,734
C01321,near_prime,2023-04-29,52850,706
C01322,prime,2022-05-07,117549,795
C01323,subprime,2022-03-02,23184,541
C01324,subprime,2023-04-07,9971,578
C01325,prime,2024-02-22,186503,775
C01326,subprime,2023-04-11,18675,601
C01327,subprime,2023-11-06,19718,622
C01328,near_prime,2023-02-28,62760,708
C01329,near_prime,2022-10-10,40250,713
C01330,near_prime,2024-12-08,79609,756
C01331,subprime,2022-10-25,26503,699
C01332,subprime,2022-11-20,15403,644
C01333,near_prime,2023-01-13,40814,697
C01334,subprime,2022-10-26,28824,634
C01335,subprime,2024-04-22,14940,606
C01336,near_prime,2023-07-15,29958,683
C01337,prime,2023-07-01,198646,735
C01338,near_prime,2023-04-21,35133,667
C01339,near_prime,2024-09-03,28787,649
C01340,near_prime,2024-08-18,66662,666
C01341,prime,2024-08-28,86048,734
C01342,prime,2023-04-09,58448,683
C01343,subprime,2024-04-25,12292,657
C01344,near_prime,2023-02-20,69661,686
C01345,subprime,2024-06-18,25219,623
C01346,near_prime,2023-10-28,76804,654
C01347,prime,2022-03-27,149712,755
C01348,near_prime,2024-03-18,60075,722
C01349,near_prime,2022-03-20,54121,662
C01350,prime,2024-07-24,61119,766
C01351,near_prime,2022-03-22,56549,661
C01352,prime,2022-04-11,99768,742
C01353,prime,2023-08-09,170939,779
C01354,prime,2023-08-26,64299,726
C01355,near_prime,2024-07-14,25927,609
C01356,near_prime,2022-08-20,31781,694
C01357,near_prime,2022-10-05,45760,598
C01358,near_prime,2024-07-12,21632,700
C01359,near_prime,2023-02-18,77838,722
C01360,near_prime,2023-05-28,41238,652
C01361,near_prime,2022-09-11,25976,608
C01362,prime,2024-07-09,145143,790
C01363,near_prime,2024-11-13,60112,708
C01364,subprime,2024-02-15,23033,549
C01365,subprime,2025-03-04,26611,646
C01366,subprime,2022-11-29,9738,627
C01367,near_prime,2023-09-26,67851,729
C01368,near_prime,2024-07-02,38925,667
C01369,prime,2023-02-20,50926,739
C01370,near_prime,2023-06-03,20800,613
C01371,near_prime,2022-01-12,59844,697
C01372,subprime,2023-05-03,12106,561
C01373,near_prime,2022-06-12,59401,658
C01374,near_prime,2023-05-17,77813,633
C01375,near_prime,2023-03-02,23205,665
C01376,prime,2022-04-23,141493,807
C01377,near_prime,2023-09-04,41699,695
C01378,subprime,2022-04-11,8568,578
C01379,near_prime,2025-02-25,31627,690
C01380,subprime,2024-01-08,6174,628
C01381,prime,2024-02-16,67738,763
C01382,near_prime,2025-02-01,24254,674
C01383,near_prime,2023-07-17,41575,698
C01384,near_prime,2024-12-10,33752,663
C01385,prime,2024-12-19,72982,711
C01386,near_prime,2023-08-12,47987,656
C01387,near_prime,2023-12-26,28500,660
C01388,near_prime,2024-10-13,54059,674
C01389,near_prime,2023-04-22,66437,639
C01390,prime,2023-02-01,50414,774
C01391,near_prime,2023-03-01,72400,706
C01392,near_prime,2024-04-29,47134,711
C01393,near_prime,2023-03-11,20740,689
C01394,near_prime,2023-07-31,36673,687
C01395,near_prime,2023-10-26,70268,650
C01396,prime,2023-11-14,139485,719
C01397,subprime,2022-12-26,11357,631
C01398,prime,2023-11-24,175595,796
C01399,near_prime,2024-09-13,30183,648
C01400,near_prime,2025-01-04,78715,648
C01401,near_prime,2022-04-25,74729,732
C01402,near_prime,2025-03-03,67511,660
C01403,prime,2023-11-11,142692,715
C01404,prime,2022-11-02,123520,764
C01405,prime,2024-12-30,93507,727
C01406,near_prime,2024-03-08,32280,622
C01407,near_prime,2023-10-07,66520,640
C01408,prime,2024-04-27,72753,727
C01409,near_prime,2023-09-12,34164,680
C01410,near_prime,2022-12-25,27355,673
C01411,prime,2022-07-09,166332,755
C01412,near_prime,2024-09-15,79307,657
C01413,subprime,2024-12-08,15169,599
C01414,near_prime,2022-10-21,70428,725
C01415,subprime,2022-09-29,11723,546
C01416,near_prime,2024-07-29,45400,670
C01417,prime,2022-04-01,72826,714
C01418,prime,2022-04-05,77027,706
C01419,prime,2023-10-02,105009,744
C01420,prime,2023-01-30,125121,745
C01421,near_prime,2022-08-29,37868,710
C01422,prime,2023-07-15,80005,791
C01423,near_prime,2023-02-28,55555,684
C01424,prime,2023-10-15,121054,779
C01425,prime,2023-05-17,94898,786
C01426,prime,2023-11-25,191709,735
C01427,near_prime,2022-04-14,26942,686
C01428,prime,2022-06-26,161795,713
C01429,subprime,2024-07-02,25195,639
C01430,prime,2023-11-12,101943,739
C01431,near_prime,2024-08-11,57210,629
C01432,prime,2024-08-17,75496,706
C01433,near_prime,2024-08-11,50837,694
C01434,prime,2023-04-04,87675,776
C01435,subprime,2024-03-13,11008,557
C01436,near_prime,2023-11-08,71693,699
C01437,near_prime,2022-05-14,51151,656
C01438,prime,2024-09-07,170911,763
C01439,prime,2022-09-18,183155,729
C01440,prime,2022-08-08,135424,739
C01441,prime,2024-08-02,155071,746
C01442,near_prime,2023-05-04,60689,680
C01443,near_prime,2022-05-16,42329,700
C01444,prime,2024-06-01,164125,724
C01445,near_prime,2022-12-21,63424,666
C01446,near_prime,2024-09-23,27492,647
C01447,near_prime,2024-06-30,31545,658
C01448,prime,2024-04-11,68247,712
C01449,near_prime,2024-02-16,41457,649
C01450,near_prime,2022-05-06,25933,683
C01451,near_prime,2022-01-01,69615,698
C01452,prime,2022-11-02,168744,720
C01453,near_prime,2023-02-05,33478,673
C01454,near_prime,2023-10-11,39643,610
C01455,prime,2024-06-09,140246,721
C01456,subprime,2022-01-17,25037,640
C01457,prime,2023-08-26,66360,747
C01458,prime,2025-01-29,63927,788
C01459,subprime,2022-08-13,14247,600
C01460,subprime,2023-04-27,19146,588
C01461,prime,2024-02-23,156439,721
C01462,prime,2025-01-21,105369,732
C01463,prime,2024-02-27,144447,720
C01464,subprime,2022-11-12,14452,659
C01465,prime,2022-05-27,54117,749
C01466,prime,2024-09-23,164487,766
C01467,prime,2024-05-01,169545,747
C01468,subprime,2024-05-21,25422,620
C01469,near_prime,2024-07-10,45212,717
C01470,prime,2023-01-16,161351,718
C01471,subprime,2023-04-30,28335,567
C01472,near_prime,2024-04-21,55793,671
C01473,prime,2024-09-16,146620,746
C01474,prime,2024-09-13,70988,780
C01475,subprime,2023-07-27,20235,650
C01476,near_prime,2024-12-07,78321,659
C01477,near_prime,2022-06-09,64831,663
C01478,near_prime,2023-10-02,60176,710
C01479,near_prime,2024-08-18,49755,690
C01480,near_prime,2024-08-18,57615,676
C01481,subprime,2023-08-27,14476,558
C01482,prime,2023-09-15,197772,747
C01483,near_prime,2022-04-16,63012,729
C01484,subprime,2022-02-25,14398,579
C01485,prime,2023-07-24,116073,751
C01486,prime,2023-07-30,122146,753
C01487,prime,2022-12-24,89619,746
C01488,near_prime,2024-01-28,72942,707
C01489,prime,2023-01-06,188251,796
C01490,subprime,2023-12-04,7765,652
C01491,subprime,2024-10-12,29666,589
C01492,subprime,2024-02-24,12797,565
C01493,prime,2023-12-08,64241,709
C01494,near_prime,2022-08-26,23442,697
C01495,prime,2024-12-26,111252,776
C01496,prime,2024-03-09,174410,747
C01497,near_prime,2023-08-15,72252,722
C01498,near_prime,2023-10-09,54750,675
C01499,subprime,2023-12-26,19148,589
C01500,near_prime,2023-07-13,41952,671
C01501,prime,2024-03-12,170876,803
C01502,near_prime,2023-05-11,68123,651
C01503,near_prime,2023-01-04,40530,627
C01504,near_prime,2022-01-18,74505,712
C01505,near_prime,2024-07-02,43036,694
C01506,prime,2023-08-04,116033,752
C01507,prime,2023-03-21,81926,756
C01508,near_prime,2022-09-03,25661,691
C01509,near_prime,2025-03-05,72638,665
C01510,subprime,2022-08-16,27795,613
C01511,near_prime,2022-06-05,61863,706
C01512,near_prime,2023-07-21,70420,612
C01513,near_prime,2023-10-25,36864,713
C01514,prime,2022-06-01,122689,754
C01515,prime,2022-05-04,117695,720
C01516,subprime,2023-06-27,10830,556
C01517,subprime,2024-03-15,10847,616
C01518,near_prime,2022-08-11,29428,644
C01519,near_prime,2022-08-06,79808,670
C01520,near_prime,2023-06-15,26769,693
C01521,near_prime,2024-07-02,21229,682
C01522,subprime,2022-11-01,26393,540
C01523,near_prime,2023-06-30,29935,617
C01524,near_prime,2024-03-12,57659,734
C01525,near_prime,2024-09-06,48577,681
C01526,prime,2022-05-24,191591,754
C01527,near_prime,2024-09-14,27943,714
C01528,near_prime,2024-01-06,41852,665
C01529,near_prime,2022-07-05,43943,647
C01530,near_prime,2023-11-28,25272,712
C01531,prime,2023-02-20,96299,707
C01532,near_prime,2024-02-26,63301,699
C01533,subprime,2024-01-06,20941,657
C01534,prime,2024-06-15,99666,762
C01535,near_prime,2023-05-04,52062,697
C01536,prime,2025-01-12,130669,672
C01537,subprime,2022-02-03,6213,600
C01538,prime,2023-11-23,61223,732
C01539,near_prime,2024-12-07,50039,693
C01540,subprime,2025-01-03,9880,598
C01541,prime,2022-10-17,178160,728
C01542,near_prime,2024-08-23,79452,689
C01543,near_prime,2022-09-25,20941,674
C01544,prime,2022-04-13,130566,755
C01545,near_prime,2022-05-11,73595,665
C01546,subprime,2022-08-22,21290,554
C01547,prime,2023-02-20,161728,726
C01548,prime,2024-04-03,134996,783
C01549,near_prime,2023-10-21,74816,716
C01550,subprime,2023-03-13,6493,569
C01551,prime,2022-10-17,158830,735
C01552,prime,2024-01-28,195072,761
C01553,near_prime,2022-10-01,26551,702
C01554,near_prime,2024-02-10,70964,719
C01555,prime,2022-01-15,97032,801
C01556,subprime,2023-08-05,18638,575
C01557,near_prime,2022-09-17,33510,621
C01558,prime,2023-07-09,187124,728
C01559,prime,2022-03-19,97186,756
C01560,near_prime,2022-06-30,61103,693
C01561,near_prime,2025-02-16,35442,653
C01562,prime,2024-12-21,75082,706
C01563,subprime,2024-11-05,12185,545
C01564,near_prime,2023-03-03,38115,696
C01565,prime,2024-08-29,180420,754
C01566,prime,2022-03-30,64163,734
C01567,near_prime,2023-11-16,60423,657
C01568,near_prime,2024-07-17,22838,689
C01569,near_prime,2022-11-20,71478,687
C01570,prime,2024-11-20,80425,769
C01571,near_prime,2023-10-30,47463,691
C01572,prime,2023-10-30,110309,754
C01573,prime,2024-04-24,102417,723
C01574,prime,2023-03-28,69275,716
C01575,subprime,2022-10-24,12083,608
C01576,subprime,2024-07-20,10834,583
C01577,near_prime,2024-01-05,37674,692
C01578,prime,2022-09-18,58413,746
C01579,prime,2024-08-11,170213,740
C01580,near_prime,2023-12-05,34408,715
C01581,near_prime,2022-12-15,57887,648
C01582,subprime,2023-04-16,7833,558
C01583,subprime,2023-03-20,24384,625
C01584,near_prime,2024-08-05,38295,716
C01585,subprime,2023-05-23,15724,603
C01586,near_prime,2023-04-01,78446,755
C01587,subprime,2022-01-11,18689,557
C01588,subprime,2022-03-24,20422,595
C01589,near_prime,2024-03-18,51409,638
C01590,near_prime,2022-07-20,49651,665
C01591,near_prime,2024-04-12,34287,680
C01592,prime,2023-08-29,112668,742
C01593,near_prime,2023-09-17,30603,667
C01594,near_prime,2025-03-14,68974,597
C01595,near_prime,2022-10-11,77291,631
C01596,near_prime,2023-01-14,71764,713
C01597,near_prime,2022-01-03,76386,644
C01598,near_prime,2024-02-28,78552,664
C01599,prime,2023-07-07,192196,715
C01600,near_prime,2023-03-01,71622,660
C01601,prime,2022-04-23,184935,711
C01602,subprime,2024-01-16,6689,629
C01603,near_prime,2024-01-19,44014,701
C01604,prime,2025-02-18,67565,702
C01605,prime,2023-11-17,112556,730
C01606,near_prime,2024-09-06,68324,722
C01607,subprime,2023-03-06,29679,580
C01608,near_prime,2023-04-07,41001,663
C01609,near_prime,2023-07-22,23569,702
C01610,prime,2023-12-09,168596,713
C01611,prime,2024-12-25,189684,753
C01612,subprime,2024-07-14,25347,559
C01613,near_prime,2022-05-15,32343,718
C01614,subprime,2024-07-26,7860,674
C01615,prime,2022-06-07,78669,780
C01616,prime,2022-08-18,88785,688
C01617,near_prime,2022-02-16,39213,681
C01618,near_prime,2025-01-13,28652,643
C01619,near_prime,2022-02-13,39104,685
C01620,prime,2022-02-15,110903,768
C01621,prime,2023-12-04,135539,718
C01622,near_prime,2024-12-21,75175,643
C01623,near_prime,2023-09-20,31254,668
C01624,near_prime,2023-04-10,51735,659
C01625,subprime,2022-10-31,16571,623
C01626,prime,2022-12-07,92150,744
C01627,subprime,2022-11-11,10283,568
C01628,prime,2022-03-26,133001,721
C01629,prime,2023-02-25,197452,735
C01630,near_prime,2023-10-12,42534,702
C01631,subprime,2024-12-28,14881,634
C01632,prime,2022-02-21,156053,796
C01633,subprime,2023-10-18,10113,571
C01634,prime,2025-01-23,183014,727
C01635,near_prime,2023-08-17,69424,727
C01636,subprime,2022-10-29,23521,587
C01637,prime,2022-08-19,175562,682
C01638,subprime,2022-10-13,27216,567
C01639,prime,2023-03-28,166909,741
C01640,prime,2023-10-31,64426,734
C01641,near_prime,2023-07-24,32826,665
C01642,prime,2025-01-07,166774,716
C01643,subprime,2024-03-18,11371,509
C01644,near_prime,2024-11-13,23673,707
C01645,prime,2024-05-25,146896,734
C01646,prime,2022-01-25,124619,735
C01647,near_prime,2025-02-22,25740,704
C01648,prime,2024-06-28,158949,758
C01649,near_prime,2024-05-18,67749,652
C01650,subprime,2022-10-13,24240,581
C01651,prime,2024-12-11,137927,740
C01652,prime,2024-02-09,73186,792
C01653,prime,2022-12-25,195703,751
C01654,near_prime,2025-03-09,69495,700
C01655,subprime,2023-08-16,23149,586
C01656,near_prime,2023-09-11,74695,644
C01657,near_prime,2023-04-05,21758,659
C01658,near_prime,2022-11-12,37214,664
C01659,near_prime,2022-09-12,62848,727
C01660,near_prime,2023-08-13,47338,712
C01661,near_prime,2022-02-28,27822,748
C01662,near_prime,2024-10-06,24372,653
C01663,near_prime,2024-06-12,76907,660
C01664,prime,2024-09-01,81348,715
C01665,prime,2023-06-16,92689,784
C01666,near_prime,2022-10-27,40950,627
C01667,prime,2022-04-19,121478,761
C01668,prime,2023-12-31,62770,740
C01669,subprime,2024-11-18,11350,647
C01670,near_prime,2023-01-11,70114,728
C01671,near_prime,2023-10-10,74186,712
C01672,subprime,2023-09-09,13895,575
C01673,prime,2023-12-22,87674,707
C01674,prime,2024-11-27,123771,725
C01675,prime,2022-11-30,76848,774
C01676,prime,2024-10-27,107963,776
C01677,near_prime,2024-12-12,75448,625
C01678,near_prime,2025-02-02,66023,680
C01679,near_prime,2022-06-06,27639,662
C01680,subprime,2022-02-05,20712,564
C01681,prime,2024-06-24,187133,787
C01682,near_prime,2023-12-02,31285,677
C01683,subprime,2023-04-01,9217,590
C01684,subprime,2022-10-19,27545,603
C01685,prime,2022-06-10,161360,765
C01686,near_prime,2022-08-17,25094,719
C01687,near_prime,2023-02-07,27065,684
C01688,prime,2024-11-17,65536,685
C01689,prime,2023-09-10,52692,762
C01690,near_prime,2022-09-11,59439,700
C01691,prime,2023-12-21,57670,812
C01692,prime,2023-07-23,141183,714
C01693,near_prime,2023-05-11,53089,735
C01694,near_prime,2022-07-22,73712,674
C01695,prime,2023-01-28,123887,747
C01696,prime,2025-01-05,51134,763
C01697,prime,2024-10-29,174443,747
C01698,prime,2023-01-15,165255,743
C01699,subprime,2024-02-17,18896,583
C01700,prime,2023-04-12,156844,815
C01701,prime,2022-08-14,186243,806
C01702,prime,2024-01-10,125568,741
C01703,prime,2022-08-25,150868,746
C01704,prime,2023-10-01,166380,754
C01705,subprime,2024-05-26,11186,640
C01706,subprime,2024-09-01,27253,595
C01707,near_prime,2022-08-04,45976,684
C01708,near_prime,2022-06-24,27813,701
C01709,near_prime,2022-07-28,68590,707
C01710,subprime,2022-12-12,7120,582
C01711,prime,2024-04-07,82181,765
C01712,prime,2024-05-19,180838,741
C01713,near_prime,2023-07-14,69565,734
C01714,near_prime,2024-03-30,43337,632
C01715,prime,2024-09-19,184064,756
C01716,prime,2024-07-20,78321,775
C01717,prime,2022-10-03,57791,774
C01718,prime,2022-04-19,67885,743
C01719,prime,2023-11-01,90038,750
C01720,prime,2022-07-17,70058,730
C01721,near_prime,2024-08-12,33233,644
C01722,prime,2024-10-16,178516,712
C01723,near_prime,2025-01-12,55823,678
C01724,prime,2022-03-06,162828,761
C01725,near_prime,2024-02-10,49003,667
C01726,near_prime,2022-03-09,31591,614
C01727,prime,2022-12-03,178838,729
C01728,near_prime,2023-10-02,66905,634
C01729,near_prime,2024-10-01,63258,718
C01730,near_prime,2025-01-09,57500,635
C01731,prime,2022-04-25,152599,757
C01732,prime,2024-02-13,142474,752
C01733,prime,2022-04-03,83606,725
C01734,subprime,2023-12-16,29315,541
C01735,near_prime,2024-02-19,26379,650
C01736,near_prime,2024-01-02,46996,649
C01737,prime,2023-10-02,72266,785
C01738,subprime,2022-05-15,14991,618
C01739,near_prime,2022-03-18,50206,694
C01740,near_prime,2024-05-15,57227,643
C01741,prime,2024-08-19,55829,747
C01742,subprime,2024-02-13,23689,559
C01743,near_prime,2022-07-24,65276,709
C01744,near_prime,2023-11-20,52553,620
C01745,prime,2023-09-06,145245,749
C01746,subprime,2023-02-18,21284,528
C01747,prime,2025-01-02,106119,689
C01748,prime,2022-04-08,127940,780
C01749,prime,2022-07-08,74833,749
C01750,near_prime,2023-07-14,24408,640
C01751,near_prime,2023-12-13,72143,662
C01752,prime,2023-09-11,182288,760
C01753,near_prime,2023-02-14,47152,644
C01754,prime,2024-11-21,168811,732
C01755,subprime,2024-11-23,11112,555
C01756,near_prime,2023-03-13,63306,736
C01757,near_prime,2024-12-27,73014,666
C01758,near_prime,2024-06-07,57101,678
C01759,prime,2024-08-05,88730,739
C01760,prime,2023-09-07,164134,699
C01761,subprime,2023-02-21,18514,642
C01762,prime,2023-08-11,92096,748
C01763,prime,2022-08-21,89311,790
C01764,prime,2023-05-18,131406,712
C01765,near_prime,2022-03-17,33237,690
C01766,prime,2022-10-07,57639,747
C01767,near_prime,2022-12-27,62224,743
C01768,subprime,2024-09-22,5652,680
C01769,prime,2023-09-03,66667,771
C01770,subprime,2024-04-13,16909,560
C01771,prime,2022-10-15,111876,694
C01772,prime,2024-10-21,81625,694
C01773,subprime,2024-12-11,13251,589
C01774,near_prime,2022-07-04,35602,631
C01775,prime,2024-03-09,111849,719
C01776,subprime,2023-03-23,9727,621
C01777,prime,2024-04-16,116664,762
C01778,subprime,2022-04-25,21068,539
C01779,prime,2025-01-22,161091,740
C01780,near_prime,2023-05-20,38201,739
C01781,prime,2024-01-24,130785,701
C01782,prime,2022-03-13,64332,730
C01783,prime,2025-02-05,150844,700
C01784,prime,2024-01-14,81995,728
C01785,near_prime,2022-01-17,79623,674
C01786,subprime,2023-06-08,14859,662
C01787,prime,2023-03-07,92002,779
C01788,subprime,2023-10-12,26116,591
C01789,subprime,2024-10-03,20436,605
C01790,near_prime,2023-11-13,67014,610
C01791,prime,2022-11-25,118411,781
C01792,near_prime,2023-12-22,47582,628
C01793,near_prime,2024-07-17,65561,641
C01794,prime,2022-04-17,98166,713
C01795,prime,2024-03-31,102448,711
C01796,near_prime,2023-10-05,57736,697
C01797,near_prime,2022-09-24,75506,690
C01798,near_prime,2024-04-20,71946,715
C01799,subprime,2022-10-01,13541,583
C01800,prime,2023-11-02,123871,759
C01801,prime,2024-02-12,199524,779
C01802,prime,2022-02-17,196415,724
C01803,subprime,2024-08-05,11496,555
C01804,prime,2022-12-12,63050,724
C01805,prime,2022-07-02,146448,768
C01806,prime,2025-03-07,80762,786
C01807,near_prime,2024-07-18,74215,683
C01808,near_prime,2022-08-31,34711,674
C01809,subprime,2023-06-30,14435,574
C01810,near_prime,2024-02-22,28532,658
C01811,prime,2023-08-03,99640,758
C01812,near_prime,2024-04-16,71934,697
C01813,prime,2024-07-12,115095,769
C01814,prime,2024-07-27,72475,766
C01815,prime,2024-03-25,105631,751
C01816,near_prime,2024-05-16,68241,668
C01817,near_prime,2022-04-17,41814,672
C01818,subprime,2024-08-22,16609,694
C01819,subprime,2022-04-04,5175,598
C01820,prime,2024-02-20,129300,794
C01821,prime,2025-02-19,60780,743
C01822,near_prime,2023-06-18,31132,599
C01823,subprime,2022-09-28,7937,597
C01824,prime,2024-12-22,163489,759
C01825,prime,2022-09-19,180865,761
C01826,subprime,2023-07-30,29504,572
C01827,subprime,2023-06-24,25084,632
C01828,subprime,2023-06-25,21940,567
C01829,prime,2024-10-03,89653,808
C01830,near_prime,2024-06-20,23487,684
C01831,prime,2024-08-21,118216,759
C01832,prime,2024-08-14,164407,797
C01833,near_prime,2024-06-23,43364,729
C01834,subprime,2025-02-22,20899,581
C01835,near_prime,2022-10-31,28103,684
C01836,prime,2023-02-22,124479,757
C01837,near_prime,2023-07-13,56912,699
C01838,subprime,2023-03-11,24121,603
C01839,near_prime,2023-01-05,47290,679
C01840,subprime,2023-05-20,21322,562
C01841,prime,2022-09-07,153329,693
C01842,prime,2022-08-06,134813,757
C01843,subprime,2024-09-09,19878,613
C01844,near_prime,2023-07-06,58941,662
C01845,prime,2024-07-16,135174,727
C01846,subprime,2025-03-11,9237,603
C01847,near_prime,2023-10-24,72307,690
C01848,prime,2022-05-25,193433,778
C01849,prime,2022-12-31,112935,741
C01850,subprime,2024-03-27,7922,627
C01851,prime,2024-04-04,124694,752
C01852,near_prime,2022-11-12,27903,661
C01853,near_prime,2023-09-28,79227,739
C01854,near_prime,2022-09-26,43530,646
C01855,near_prime,2024-09-29,49192,622
C01856,subprime,2024-09-02,13797,561
C01857,near_prime,2024-01-25,60230,665
C01858,prime,2024-05-22,74365,776
C01859,near_prime,2023-04-05,62441,688
C01860,near_prime,2022-11-14,52461,630
C01861,prime,2024-08-16,164650,742
C01862,prime,2024-09-05,128746,759
C01863,subprime,2023-05-25,22140,616
C01864,near_prime,2025-03-10,23127,605
C01865,near_prime,2024-11-11,47847,655
C01866,near_prime,2024-08-09,63309,668
C01867,prime,2022-06-17,181974,696
C01868,prime,2024-08-05,97068,763
C01869,prime,2024-05-02,128026,693
C01870,prime,2024-07-20,167951,733
C01871,subprime,2023-01-19,11916,577
C01872,prime,2023-06-16,77873,744
C01873,prime,2022-01-28,95019,752
C01874,near_prime,2024-07-31,65338,637
C01875,near_prime,2024-09-23,39844,708
C01876,near_prime,2024-01-09,65263,655
C01877,prime,2023-09-12,72973,709
C01878,prime,2022-01-29,100017,754
C01879,subprime,2022-02-24,11856,604
C01880,near_prime,2022-10-25,62581,683
C01881,subprime,2025-01-08,11255,676
C01882,prime,2024-08-07,88840,743
C01883,prime,2022-11-09,166723,751
C01884,subprime,2024-08-23,5643,633
C01885,prime,2025-03-12,152690,719
C01886,prime,2022-01-17,76912,717
C01887,subprime,2024-10-12,29152,553
C01888,near_prime,2025-02-09,39056,714
C01889,near_prime,2024-09-26,35198,688
C01890,near_prime,2024-12-17,21246,653
C01891,prime,2024-05-04,174082,762
C01892,prime,2023-12-12,167525,748
C01893,prime,2023-01-29,173008,744
C01894,prime,2023-04-21,183073,762
C01895,prime,2024-08-17,84382,814
C01896,subprime,2024-03-10,18659,629
C01897,near_prime,2024-08-25,72412,634
C01898,subprime,2022-11-28,25376,616
C01899,prime,2024-09-15,83841,794
C01900,prime,2022-11-17,179023,775
C01901,subprime,2023-09-14,12691,624
C01902,prime,2022-04-07,54752,735
C01903,near_prime,2022-12-24,74260,701
C01904,subprime,2024-10-28,6047,612
C01905,prime,2023-04-10,81637,724
C01906,near_prime,2024-09-23,36896,741
C01907,near_prime,2025-02-14,37530,677
C01908,subprime,2024-11-21,24801,569
C01909,subprime,2024-06-15,19979,545
C01910,subprime,2022-08-16,8469,610
C01911,subprime,2022-07-28,23431,546
C01912,prime,2022-08-04,93790,708
C01913,subprime,2022-11-18,28866,541
C01914,prime,2024-06-23,182617,689
C01915,prime,2024-01-15,137715,750
C01916,subprime,2022-09-09,11615,561
C01917,near_prime,2023-05-18,74710,693
C01918,near_prime,2023-12-01,38792,665
C01919,prime,2024-04-29,144540,749
C01920,near_prime,2023-05-18,29935,680
C01921,near_prime,2022-10-10,72544,637
C01922,near_prime,2024-04-18,78855,613
C01923,near_prime,2024-01-11,21950,697
C01924,near_prime,2022-01-21,67030,709
C01925,prime,2023-10-07,155290,682
C01926,subprime,2022-12-03,19223,662
C01927,near_prime,2022-11-06,79146,702
C01928,near_prime,2024-11-30,39380,616
C01929,near_prime,2023-09-16,67287,715
C01930,near_prime,2023-12-06,20517,714
C01931,near_prime,2022-10-28,65894,613
C01932,prime,2023-02-25,192717,720
C01933,near_prime,2023-12-09,78174,645
C01934,subprime,2024-04-08,11464,612
C01935,near_prime,2024-03-09,67520,670
C01936,near_prime,2022-09-16,54109,708
C01937,prime,2025-02-04,131855,748
C01938,near_prime,2022-11-24,21534,741
C01939,near_prime,2023-05-10,74540,690
C01940,near_prime,2024-05-15,53113,689
C01941,prime,2024-11-05,142923,756
C01942,prime,2022-09-13,167633,735
C01943,near_prime,2023-04-29,72781,734
C01944,near_prime,2025-03-04,66835,718
C01945,near_prime,2023-04-24,42959,649
C01946,prime,2022-10-14,149002,727
C01947,prime,2023-01-30,144704,747
C01948,near_prime,2022-10-28,66638,647
C01949,prime,2024-05-20,84095,763
C01950,near_prime,2024-07-02,25116,650
C01951,near_prime,2024-11-28,71041,711
C01952,prime,2023-06-25,180764,683
C01953,near_prime,2024-09-29,67953,590
C01954,subprime,2022-11-30,9729,553
C01955,near_prime,2024-11-17,76575,678
C01956,near_prime,2023-03-12,49847,622
C01957,subprime,2024-01-27,8891,611
C01958,near_prime,2024-04-16,27230,713
C01959,prime,2022-11-10,80865,776
C01960,prime,2024-02-06,129497,748
C01961,prime,2024-05-13,62753,756
C01962,subprime,2023-09-17,14289,615
C01963,near_prime,2022-09-08,55883,743
C01964,prime,2022-04-02,159464,724
C01965,near_prime,2023-11-23,71206,683
C01966,prime,2022-09-29,86312,716
C01967,near_prime,2024-07-08,29763,678
C01968,subprime,2023-10-29,7926,618
C01969,prime,2023-04-22,153650,707
C01970,prime,2022-04-04,166155,746
C01971,subprime,2022-02-20,23743,542
C01972,near_prime,2023-09-25,56768,649
C01973,prime,2025-01-14,63860,715
C01974,subprime,2024-12-04,11206,600
C01975,prime,2024-12-25,97118,714
C01976,subprime,2023-07-18,11743,601
C01977,subprime,2024-06-28,7773,662
C01978,near_prime,2023-10-19,46332,645
C01979,subprime,2023-11-28,19320,575
C01980,prime,2022-02-19,188386,740
C01981,prime,2022-07-23,192024,771
C01982,prime,2022-10-22,97885,749
C01983,prime,2024-04-14,94352,762
C01984,prime,2023-10-29,97568,760
C01985,prime,2023-10-18,87345,751
C01986,near_prime,2023-10-26,36903,633
C01987,prime,2023-02-19,112815,789
C01988,near_prime,2023-04-30,52307,638
C01989,subprime,2023-07-06,6986,597
C01990,prime,2025-02-06,156712,756
C01991,near_prime,2022-02-08,37639,683
C01992,near_prime,2022-07-27,36142,684
C01993,prime,2025-03-09,156626,706
C01994,near_prime,2024-10-21,33333,683
C01995,near_prime,2022-12-11,71250,661
C01996,prime,2024-05-17,195529,748
C01997,near_prime,2023-08-16,62798,680
C01998,subprime,2022-01-02,6971,641
C01999,near_prime,2024-02-18,43030,663
